{"Label 0": {"precision": [0.9893238434163701, 0.0], "recall": [0.9928571428571429, 0.0], "f1-score": [0.9910873440285205, 0.0], "support": [280.0, 0.0]}, "Label 1": {"precision": [0.9736842105263158, 0.0], "recall": [0.961038961038961, 0.0], "f1-score": [0.9673202614379085, 0.0], "support": [77.0, 0.0]}}