{"Label 0": {"precision": [0.992831541218638, 0.0], "recall": [0.992831541218638, 0.0], "f1-score": [0.992831541218638, 0.0], "support": [279.0, 0.0]}, "Label 1": {"precision": [0.975, 0.0], "recall": [0.975, 0.0], "f1-score": [0.975, 0.0], "support": [80.0, 0.0]}}