{"Label 0": {"precision": [0.9963235294117647, 0.0], "recall": [0.9926739926739927, 0.0], "f1-score": [0.9944954128440368, 0.0], "support": [273.0, 0.0]}, "Label 1": {"precision": [0.975609756097561, 0.0], "recall": [0.9876543209876543, 0.0], "f1-score": [0.9815950920245398, 0.0], "support": [81.0, 0.0]}}