{"Label 0": {"precision": [0.9850187265917603, 0.0], "recall": [1.0, 0.0], "f1-score": [0.9924528301886792, 0.0], "support": [263.0, 0.0]}, "Label 1": {"precision": [1.0, 0.0], "recall": [0.9534883720930233, 0.0], "f1-score": [0.9761904761904763, 0.0], "support": [86.0, 0.0]}}