{"Label 0": {"precision": [1.0, 0.0], "recall": [0.9962406015037594, 0.0], "f1-score": [0.9981167608286252, 0.0], "support": [266.0, 0.0]}, "Label 1": {"precision": [0.9883720930232558, 0.0], "recall": [1.0, 0.0], "f1-score": [0.9941520467836257, 0.0], "support": [85.0, 0.0]}}