{"Label 0": {"precision": [0.9961389961389961, 0.0], "recall": [0.9961389961389961, 0.0], "f1-score": [0.9961389961389961, 0.0], "support": [259.0, 0.0]}, "Label 1": {"precision": [0.9887640449438202, 0.0], "recall": [0.9887640449438202, 0.0], "f1-score": [0.9887640449438202, 0.0], "support": [89.0, 0.0]}}