{"Label 0": {"precision": [0.9963503649635036, 0.0], "recall": [1.0, 0.0], "f1-score": [0.9981718464351006, 0.0], "support": [273.0, 0.0]}, "Label 1": {"precision": [1.0, 0.0], "recall": [0.9882352941176471, 0.0], "f1-score": [0.9940828402366864, 0.0], "support": [85.0, 0.0]}}