{"Label 0": {"precision": [1.0, 0.0], "recall": [0.9822695035460993, 0.0], "f1-score": [0.9910554561717353, 0.0], "support": [282.0, 0.0]}, "Label 1": {"precision": [0.9397590361445783, 0.0], "recall": [1.0, 0.0], "f1-score": [0.9689440993788819, 0.0], "support": [78.0, 0.0]}}