{"Label 0": {"precision": [0.9704641350210971, 0.0], "recall": [0.8646616541353384, 0.0], "f1-score": [0.9145129224652088, 0.0], "support": [266.0, 0.0]}, "Label 1": {"precision": [0.6842105263157895, 0.0], "recall": [0.9176470588235294, 0.0], "f1-score": [0.7839195979899497, 0.0], "support": [85.0, 0.0]}}