{"Label 0": {"precision": [0.9745762711864406, 0.0], "recall": [0.888030888030888, 0.0], "f1-score": [0.9292929292929293, 0.0], "support": [259.0, 0.0]}, "Label 1": {"precision": [0.7410714285714286, 0.0], "recall": [0.9325842696629213, 0.0], "f1-score": [0.8258706467661691, 0.0], "support": [89.0, 0.0]}}