{"Label 0": {"precision": [0.9827586206896551, 0.0], "recall": [0.8669201520912547, 0.0], "f1-score": [0.9212121212121211, 0.0], "support": [263.0, 0.0]}, "Label 1": {"precision": [0.7008547008547008, 0.0], "recall": [0.9534883720930233, 0.0], "f1-score": [0.8078817733990147, 0.0], "support": [86.0, 0.0]}}