{"Label 0": {"precision": [0.9515570934256056, 0.0], "recall": [0.975177304964539, 0.0], "f1-score": [0.9632224168126094, 0.0], "support": [282.0, 0.0]}, "Label 1": {"precision": [0.9014084507042254, 0.0], "recall": [0.8205128205128205, 0.0], "f1-score": [0.8590604026845639, 0.0], "support": [78.0, 0.0]}}