{"Label 0": {"precision": [0.9703703703703703, 0.0], "recall": [0.9849624060150376, 0.0], "f1-score": [0.9776119402985074, 0.0], "support": [266.0, 0.0]}, "Label 1": {"precision": [0.9506172839506173, 0.0], "recall": [0.9058823529411765, 0.0], "f1-score": [0.927710843373494, 0.0], "support": [85.0, 0.0]}}