{"Label 0": {"precision": [0.9609929078014184, 0.0], "recall": [0.9926739926739927, 0.0], "f1-score": [0.9765765765765766, 0.0], "support": [273.0, 0.0]}, "Label 1": {"precision": [0.9736842105263158, 0.0], "recall": [0.8705882352941177, 0.0], "f1-score": [0.9192546583850931, 0.0], "support": [85.0, 0.0]}}