{"Label 0": {"precision": [0.9614035087719298, 0.0], "recall": [0.982078853046595, 0.0], "f1-score": [0.9716312056737588, 0.0], "support": [279.0, 0.0]}, "Label 1": {"precision": [0.9324324324324325, 0.0], "recall": [0.8625, 0.0], "f1-score": [0.8961038961038962, 0.0], "support": [80.0, 0.0]}}