{"Label 0": {"precision": [0.9543726235741445, 0.0], "recall": [0.899641577060932, 0.0], "f1-score": [0.92619926199262, 0.0], "support": [279.0, 0.0]}, "Label 1": {"precision": [0.6989247311827957, 0.0], "recall": [0.8441558441558441, 0.0], "f1-score": [0.7647058823529411, 0.0], "support": [77.0, 0.0]}}