{"Label 0": {"precision": [0.9652509652509652, 0.0], "recall": [0.9157509157509157, 0.0], "f1-score": [0.9398496240601503, 0.0], "support": [273.0, 0.0]}, "Label 1": {"precision": [0.7578947368421053, 0.0], "recall": [0.8888888888888888, 0.0], "f1-score": [0.8181818181818181, 0.0], "support": [81.0, 0.0]}}